id,title,description,status,priority,project_id,assignee_id,due_date,created_at,updated_at,updated_by
ab460acc-eb6a-4b35-8da1-97424391c0c2,Setup Development Environment,Configure local development environment with required tools,completed,high,f9ddd0fc-aac1-43d0-9857-686bd88f489b,b671eb82-abc1-424f-8bdf-30cc749e5ec9,,2025-08-15 04:30:12.686474,2025-08-15 04:30:12.686474,
5b450331-0de5-4160-a6f7-ef5cea5be559,Design System Review,Review and update the design system components,in_progress,medium,c25bfe05-8148-4c12-be5e-53b2b1937d4d,b671eb82-abc1-424f-8bdf-30cc749e5ec9,,2025-08-15 04:30:14.907508,2025-08-15 04:30:14.907508,
48737596-7c82-4b5c-aadf-9e3a4110647b,Design Mobile UI Mockups,Create wireframes and mockups for the mobile app interface,todo,high,6307e925-3f0a-412f-ba20-6963855a8edf,,,2025-08-15 04:44:05.642589,2025-08-15 04:44:05.642589,
438f0d2a-b8cd-4d0a-af97-0af9dcbb8070,task1,,todo,medium,fc3c1224-d26f-493e-b0d2-102ca8bc11a3,,2025-08-22 00:00:00,2025-08-15 21:15:37.858212,2025-08-15 21:15:37.858212,
5e262da8-d7ec-4f32-a895-7705793a9d58,Call Scarlett and Kayla,Reach out to Scarlett and Kayla as part of the meeting follow-up tasks.,completed,medium,f982c164-c83a-4de9-94ea-d15c123e5165,dde53e65-d861-4340-b0a6-3417e0e7b290,2025-08-20 00:00:00,2025-08-20 16:36:26.018425,2025-08-22 01:35:39.082,
f774d724-21a6-430e-b720-779e9e23ae2f,Coordinate evening activities for summit,Work with Marga to finalize three or four evening activities for the summit and get pricing details.,todo,medium,f982c164-c83a-4de9-94ea-d15c123e5165,dde53e65-d861-4340-b0a6-3417e0e7b290,,2025-08-20 16:36:25.894192,2025-08-20 16:36:25.894192,
41bad04b-e9fb-4273-a50c-2ed4a5d0fe01,Send email to Central Florida leaders to confirm stay,Email all Central Florida leaders to determine who wants to stay at the summit to finalize accommodation bookings.,in_progress,high,f982c164-c83a-4de9-94ea-d15c123e5165,dde53e65-d861-4340-b0a6-3417e0e7b290,,2025-08-20 16:36:25.794015,2025-08-20 17:07:53.028,
cf8b2775-fd14-4888-8bb1-f4fad9447b7f,Finalize transportation arrangements,Confirm with Gary or Juliana about the transportation arrangements once flights and times are finalized.,in_progress,high,f982c164-c83a-4de9-94ea-d15c123e5165,dde53e65-d861-4340-b0a6-3417e0e7b290,2025-09-05 00:00:00,2025-08-20 16:36:25.968894,2025-08-26 02:04:09.023,
ede34a9d-50ed-4274-90ec-52a0a6b405b4,Set up Kahoot trivia for transportation entertainment,Develop a Kahoot trivia game to entertain participants during transport to the ranch.,todo,low,f982c164-c83a-4de9-94ea-d15c123e5165,dde53e65-d861-4340-b0a6-3417e0e7b290,2025-09-04 00:00:00,2025-08-20 16:36:25.943681,2025-08-26 02:04:32.616,
74a17bf5-2a86-4ec6-9f83-b330fc80bb99,Plan your week- HK,Plan week- Send to team ,completed,high,6600c523-90d2-4710-ad03-13997621fe80,,2025-08-26 00:00:00,2025-08-25 15:16:32.695635,2025-08-27 23:05:48.64,
710fa084-a8c1-481a-b186-4c848c48f51a,Create activity sign-up form,"Once evening activities are confirmed, set up a sign-up form to allow attendees to choose their activities.",todo,medium,f982c164-c83a-4de9-94ea-d15c123e5165,dde53e65-d861-4340-b0a6-3417e0e7b290,2025-09-11 00:00:00,2025-08-20 16:36:25.919109,2025-08-26 02:04:45.826,
9eb673db-4e63-42c7-bd72-73e2befe4222,Work on organizational charts,Complete updating the organizational charts as part of the meeting's agenda.,todo,medium,f982c164-c83a-4de9-94ea-d15c123e5165,dde53e65-d861-4340-b0a6-3417e0e7b290,2025-09-04 00:00:00,2025-08-20 16:36:25.993736,2025-08-26 02:04:25.655,
da5baf7a-06e3-4761-92a8-a036210fdcef,Send summit announcement email,Draft and send an announcement email to all intended participants to officially announce the summit.,completed,urgent,f982c164-c83a-4de9-94ea-d15c123e5165,dde53e65-d861-4340-b0a6-3417e0e7b290,2025-08-29 00:00:00,2025-08-20 16:36:25.819789,2025-08-26 13:10:23.678,
155aed2c-1945-4c92-b2c7-a12340459d0e,Water ,,todo,medium,b8c05b22-a498-458f-8cf4-6d7a14e0a6b0,,,2025-08-26 09:53:17.917528,2025-08-26 09:53:17.917528,
6f272f80-0938-43c4-85d9-14a4d77aacda,Crème Brûlée Custard,,todo,medium,b8c05b22-a498-458f-8cf4-6d7a14e0a6b0,,,2025-08-26 09:53:35.063984,2025-08-26 09:53:35.063984,
b98af7a6-3a6d-4b27-85d0-0b5284d7bc31,Assign checklist for property staff,"Decide whether to use the bell services checklist or guest relations checklist for property staff, focusing on duties which include concierge and build services.",todo,medium,cfb03b37-5c48-4cae-8573-1bd359894dd4,dde53e65-d861-4340-b0a6-3417e0e7b290,2025-09-02 16:51:01.046,2025-08-26 16:51:01.060135,2025-08-26 16:51:01.060135,
3165dd00-e219-4d64-ac86-1cbb01c0e4f1,Reach out to Losy and partners for panel participation,Call all partners and discuss their availability to join the panel. Follow up with an official email.,in_progress,high,f982c164-c83a-4de9-94ea-d15c123e5165,dde53e65-d861-4340-b0a6-3417e0e7b290,2025-10-01 00:00:00,2025-08-20 16:36:25.844086,2025-08-26 13:09:46.019,
614567e2-18ac-4030-9138-1b39282cac47,Coordinate travel with Lisa or Valeria,Coordinate travel plans with Lisa or Valeria to ensure a proper introduction and booking details for upcoming visits.,todo,medium,963e94b0-4249-438a-922f-fb7e62c60950,dde53e65-d861-4340-b0a6-3417e0e7b290,2025-09-02 18:44:22.088,2025-08-26 18:44:22.09945,2025-08-26 18:44:22.09945,
5e0b0c9e-be94-41e0-9406-0664da2ce4dd,Prepare report for Williamsburg front office,Develop a report for the Williamsburg front office to assess room availability and pre-registration status. Coordinate with housekeeping to ensure alignment.,todo,high,963e94b0-4249-438a-922f-fb7e62c60950,dde53e65-d861-4340-b0a6-3417e0e7b290,2025-09-02 18:44:22.154,2025-08-26 18:44:22.16556,2025-08-26 18:44:22.16556,
e994f0ae-11a3-4889-b7e8-15e321caa3bb,Discuss travel plans and reporting with Lisa,Talk to Lisa about your travel and report preparation plans to ensure compatibility and collaboration.,todo,medium,963e94b0-4249-438a-922f-fb7e62c60950,dde53e65-d861-4340-b0a6-3417e0e7b290,2025-09-02 18:44:22.224,2025-08-26 18:44:22.235539,2025-08-26 18:44:22.235539,
e963cd3d-85f2-400b-81a7-a17e1394d899,Guyana butter,,completed,medium,b8c05b22-a498-458f-8cf4-6d7a14e0a6b0,,,2025-08-26 09:53:04.072565,2025-08-27 23:05:52.374,
c91dcc01-4a44-4e21-aaf8-460af9f744c3,Buy creamer ,,completed,medium,b8c05b22-a498-458f-8cf4-6d7a14e0a6b0,,,2025-08-25 14:52:57.872943,2025-08-27 23:05:53.677,
31d07e26-7124-4c43-8323-16f55bc64c94,Schedule visits to specific properties,"Visit Williamsburg, Myrtle Beach, Branson Woods, Branson Lakes, three properties in Tennessee, and New York before mid-November.",todo,high,963e94b0-4249-438a-922f-fb7e62c60950,dde53e65-d861-4340-b0a6-3417e0e7b290,2025-09-15 00:00:00,2025-08-26 18:44:22.030911,2025-08-29 10:44:14.418,
60a71198-c787-4302-8395-569f611ac80e,Set up Microsoft Forms for panel questions,Create a Microsoft Form for panel participants to submit questions for the summit. Review submitted questions with Peter.,completed,medium,f982c164-c83a-4de9-94ea-d15c123e5165,dde53e65-d861-4340-b0a6-3417e0e7b290,2025-08-28 00:00:00,2025-08-20 16:36:25.869199,2025-08-29 14:40:06.267,
752e7b15-7fb3-4ebb-bf46-99c7da58b361,Develop business case for laundry facilities,Work with vendors to obtain equipment quotes to increase laundry business capacities and explore opportunities for picking up local hotel clients.,todo,medium,963e94b0-4249-438a-922f-fb7e62c60950,dde53e65-d861-4340-b0a6-3417e0e7b290,2025-09-02 18:44:22.361,2025-08-26 18:44:22.372755,2025-08-26 18:44:22.372755,
b19e36e4-f357-4d2a-b720-6cd854c441d0,Coordinate panel discussion for summit,Assign someone from the team to participate in a panel discussion at the summit to introduce departmental members and discuss pre-filtered questions.,todo,medium,963e94b0-4249-438a-922f-fb7e62c60950,dde53e65-d861-4340-b0a6-3417e0e7b290,2025-09-02 18:44:22.427,2025-08-26 18:44:22.438057,2025-08-26 18:44:22.438057,
a8c955d4-0392-4774-bd97-016a3eb1aff4,Coordinate travel arrangements with Valeria,Look up flight details yourself and notify Valeria with travel details for booking.,todo,medium,963e94b0-4249-438a-922f-fb7e62c60950,dde53e65-d861-4340-b0a6-3417e0e7b290,2025-09-02 18:44:39.304,2025-08-26 18:44:39.315803,2025-08-26 18:44:39.315803,
035ad7db-1430-4ed5-935c-e04958959ffc,Prepare report for Williamsburg front office,Develop a detailed report for the Williamsburg front office to improve coordination with housekeeping. Ensure they can view metrics such as pre-registration rooms and guests waiting for rooms.,todo,high,963e94b0-4249-438a-922f-fb7e62c60950,dde53e65-d861-4340-b0a6-3417e0e7b290,2025-09-02 18:44:39.371,2025-08-26 18:44:39.381931,2025-08-26 18:44:39.381931,
e216b114-ba9b-4390-8702-6311e951b26e,Connect with Lisa and Peter about travel partnership,Ensure travel plans align with Lisa and Peter's schedules so key introductions can be made at the properties.,todo,medium,963e94b0-4249-438a-922f-fb7e62c60950,dde53e65-d861-4340-b0a6-3417e0e7b290,2025-09-02 18:44:39.501,2025-08-26 18:44:39.512615,2025-08-26 18:44:39.512615,
1017c681-2590-4217-8728-fe7cdda6cf0e,Finalize and combine checklists for Golf Cart and Bell Staff,"Combine the checklists into one, figuring out where there's overlap, and make it ready for when NA hits in Q4 2025.",todo,medium,cfb03b37-5c48-4cae-8573-1bd359894dd4,dde53e65-d861-4340-b0a6-3417e0e7b290,2025-09-02 18:54:21.816,2025-08-26 18:54:21.829246,2025-08-26 18:54:21.829246,
710f2a92-5bec-44d9-bf78-ec5e6dc49dab,Assign e-learning courses to managers and agents,"Ensure appropriate e-learning courses are assigned to managers and agents at different properties, including Smoky Mountain adjustments.",todo,medium,cfb03b37-5c48-4cae-8573-1bd359894dd4,dde53e65-d861-4340-b0a6-3417e0e7b290,2025-09-02 18:54:22.211,2025-08-26 18:54:22.223546,2025-08-26 18:54:22.223546,
77afbbbd-8b22-4930-8473-f2aa2fb02130,Review and update job change profiles,Adjust profiles to ensure the job change ones do not include the Resort Ops Day 1 checklist if not needed.,todo,low,cfb03b37-5c48-4cae-8573-1bd359894dd4,dde53e65-d861-4340-b0a6-3417e0e7b290,2025-09-02 18:54:22.286,2025-08-26 18:54:22.298041,2025-08-26 18:54:22.298041,
7fd97f33-dbae-4784-ba74-dd907df95ae0,Create combined checklist for Bell Staff and Golf Cart Duties,Combine existing checklists for Bell Staff and Golf Cart Duties into one comprehensive checklist with overlapping tasks identified.,todo,high,cfb03b37-5c48-4cae-8573-1bd359894dd4,dde53e65-d861-4340-b0a6-3417e0e7b290,2025-09-02 18:55:18.208,2025-08-26 18:55:18.221354,2025-08-26 18:55:18.221354,
ee984568-bf8d-4435-a99b-b775d3355335,Remove Resort Ops Day 1 checklist from job change profiles,Ensure that the Resort Ops Day 1 checklist is removed from all job change profiles for those moving within resort positions.,todo,high,cfb03b37-5c48-4cae-8573-1bd359894dd4,dde53e65-d861-4340-b0a6-3417e0e7b290,2025-09-02 18:55:18.35,2025-08-26 18:55:18.363898,2025-08-26 18:55:18.363898,
2bb33938-8c2a-48fd-b2a7-1549095a2896,Revisit and potentially activate combined checklist on October 1,Add a reminder to revisit the newly combined checklist by October 1st to evaluate the impact of any New Additions (NA) and make necessary adjustments.,todo,medium,cfb03b37-5c48-4cae-8573-1bd359894dd4,dde53e65-d861-4340-b0a6-3417e0e7b290,2025-09-30 00:00:00,2025-08-26 18:55:18.292847,2025-08-29 10:41:47.057,
677806fc-31b0-4dd3-a433-dc0f56ea27dc,Negotiate equipment pricing for laundry,Work with vendors to get quotes for needed laundry equipment to help grow the laundry business.,todo,urgent,963e94b0-4249-438a-922f-fb7e62c60950,dde53e65-d861-4340-b0a6-3417e0e7b290,2025-10-11 00:00:00,2025-08-26 18:44:39.657358,2025-08-29 10:42:06.516,
f821bc45-f95d-4b0c-96e2-3c5f64d4a835,Attend in-office report discussion,Meet in-office to discuss the finalized report and travel plans for visiting properties.,todo,medium,963e94b0-4249-438a-922f-fb7e62c60950,dde53e65-d861-4340-b0a6-3417e0e7b290,2025-10-12 00:00:00,2025-08-26 18:44:39.723114,2025-08-29 10:42:40.297,
d849a63f-28c4-489d-be47-893732ca84e9,Review report with colleagues,Discuss the new report details with colleagues to ensure it will meet the needs of the Williamsburg team.,todo,medium,963e94b0-4249-438a-922f-fb7e62c60950,dde53e65-d861-4340-b0a6-3417e0e7b290,2025-10-12 00:00:00,2025-08-26 18:44:39.447674,2025-08-29 10:42:47.271,
52e076a2-7ee4-424e-ad75-1ddfab512d65,Discuss dates and plan for property visits,Meet on Thursday to finalize the report and travel plan for the upcoming property visits.,todo,high,963e94b0-4249-438a-922f-fb7e62c60950,dde53e65-d861-4340-b0a6-3417e0e7b290,2025-10-12 00:00:00,2025-08-26 18:44:22.570774,2025-08-29 10:42:54.865,
cad71aa5-a30e-46eb-927b-74c750b92362,Book flights for property visits,Decide on flight dates and details for visits to respective properties with coordination from Valeria.,todo,high,963e94b0-4249-438a-922f-fb7e62c60950,dde53e65-d861-4340-b0a6-3417e0e7b290,2025-10-13 00:00:00,2025-08-26 18:44:22.303798,2025-08-29 10:43:01.876,
05823175-866e-4a27-9077-fe04f1e546a4,Summit Planning Participation,"Participate in the panel discussion at the upcoming summit on October 22, which involves pre-filtered questions about housekeeping and the front office.",todo,medium,963e94b0-4249-438a-922f-fb7e62c60950,dde53e65-d861-4340-b0a6-3417e0e7b290,2025-10-22 00:00:00,2025-08-26 18:44:39.577984,2025-08-29 10:43:09.25,
6772d88b-b565-4ae9-8962-df604396470d,Review financial class plan for summit,Attend or assign someone to attend the financial class at the summit to enhance understanding of financial operations.,todo,medium,963e94b0-4249-438a-922f-fb7e62c60950,dde53e65-d861-4340-b0a6-3417e0e7b290,2025-10-22 00:00:00,2025-08-26 18:44:22.504121,2025-08-29 10:43:15.77,
ef0b9a28-5b24-4fcd-93b1-e05138fc6507,Plan Water Park Training Rollout,Coordinate with Faith regarding trainers for River Ranch and other properties. Confirm the deployment details for 9/9.,todo,high,cfb03b37-5c48-4cae-8573-1bd359894dd4,dde53e65-d861-4340-b0a6-3417e0e7b290,2025-09-09 00:00:00,2025-08-26 18:54:22.145269,2025-08-29 10:45:12.594,
167bd35b-63b2-4599-95bf-7eac15e4c181,Launch 'Who Pays What' by 9/28,Ensure 'Who Pays What' is launched by the specified date to align with the office national meeting.,todo,high,cfb03b37-5c48-4cae-8573-1bd359894dd4,dde53e65-d861-4340-b0a6-3417e0e7b290,2025-09-28 00:00:00,2025-08-26 18:54:22.067085,2025-08-29 10:45:42.13,
5a6837c8-a8f5-4f3b-80be-62aa73e345c7,Revisit checklist status on 10/1,Put a reminder to revisit and review the checklists and the NA feature status.,todo,medium,cfb03b37-5c48-4cae-8573-1bd359894dd4,dde53e65-d861-4340-b0a6-3417e0e7b290,2025-10-01 00:00:00,2025-08-26 18:54:21.906197,2025-08-29 10:46:01.212,
791982a1-6ad6-46ee-ab43-0ea17a921e39,Send well loyalty screenshots to Joanna,Ensure the well loyalty screenshots are communicated to Joanna.,completed,urgent,cfb03b37-5c48-4cae-8573-1bd359894dd4,dde53e65-d861-4340-b0a6-3417e0e7b290,2025-09-02 18:54:21.971,2025-08-26 18:54:21.98292,2025-08-31 00:11:54.048,dde53e65-d861-4340-b0a6-3417e0e7b290
a70dfd4c-00b6-47f9-b479-cee37dd28d66,Check device access for Lakes and River Ranch,Confirm that Lakes and River Ranch water parks have their devices ready and review access provisioning with Michelle.,todo,urgent,cfb03b37-5c48-4cae-8573-1bd359894dd4,dde53e65-d861-4340-b0a6-3417e0e7b290,2025-09-02 18:55:18.494,2025-08-26 18:55:18.507692,2025-08-26 18:55:18.507692,
d46b0526-d9a9-4bab-85c1-12e0e59385e2,Discuss assignment of water park course with Faith,Ensure trainers are available and ready for in-person training sessions at River Ranch and other locations starting September 9.,todo,urgent,cfb03b37-5c48-4cae-8573-1bd359894dd4,dde53e65-d861-4340-b0a6-3417e0e7b290,2025-09-02 18:55:18.635,2025-08-26 18:55:18.649227,2025-08-26 18:55:18.649227,
458c050c-aa00-4721-993a-fed8ea4a843e,Notify on Resort Ops Day 1 checklist changes,"Communicate with Alex about whether to remove Resort Ops Day 1 checklist from job change profiles, focusing on avoiding redundancy in job transition scenarios.",todo,medium,cfb03b37-5c48-4cae-8573-1bd359894dd4,dde53e65-d861-4340-b0a6-3417e0e7b290,2025-09-02 18:55:31.899,2025-08-26 18:55:31.911647,2025-08-26 18:55:31.911647,
7fff2fa9-facd-454a-895a-52f7df41ab96,Incorporate additional Water Park policies,Consult with Michelle regarding any additional Water Park policies that need to be incorporated into e-learning for new hires.,todo,medium,cfb03b37-5c48-4cae-8573-1bd359894dd4,dde53e65-d861-4340-b0a6-3417e0e7b290,2025-09-02 18:55:32.114,2025-08-26 18:55:32.127534,2025-08-26 18:55:32.127534,
15e1fdd5-5e02-4e5e-b842-209b2631e67a,Assign Water Park training,"Assign the appropriate Water Park training courses to managers, agents, and guest relations staff who need access permissions.",todo,high,cfb03b37-5c48-4cae-8573-1bd359894dd4,dde53e65-d861-4340-b0a6-3417e0e7b290,2025-09-02 18:55:32.185,2025-08-26 18:55:32.204875,2025-08-26 18:55:32.204875,
3115d104-370d-4ca4-a9f8-98ce33f10db7,Create new requisition system for hiring golf cart attendants,Develop a new system to allow each hiring instance to have its own requisition to track historical data more effectively.,todo,high,cfb03b37-5c48-4cae-8573-1bd359894dd4,dde53e65-d861-4340-b0a6-3417e0e7b290,2025-09-02 18:55:52.71,2025-08-26 18:55:52.721957,2025-08-26 18:55:52.721957,
8f5c4c81-8da8-4b1d-8e2b-8b3f4c460a31,Reassign training profile for Resort Ops Day 1 checklist,Remove Resort Ops Day 1 checklist from the job change profile to avoid duplication for employees transferring within Resort positions.,todo,medium,cfb03b37-5c48-4cae-8573-1bd359894dd4,dde53e65-d861-4340-b0a6-3417e0e7b290,2025-09-02 18:55:52.974,2025-08-26 18:55:52.986646,2025-08-26 18:55:52.986646,
62889655-cd18-4a68-9b77-7b82ebcc9549,Send training release email,Draft and send an email to teams notifying them about the upcoming training schedule and assignments related to Water Park system.,todo,high,cfb03b37-5c48-4cae-8573-1bd359894dd4,dde53e65-d861-4340-b0a6-3417e0e7b290,2025-09-06 00:00:00,2025-08-26 18:55:32.279672,2025-08-29 10:38:09.143,
8c0bd2e8-72a3-4b58-92df-5643f071ac0e,Launch 'Who Pays What' e-learning on September 28,Prepare and launch the 'Who Pays What' e-learning module along with a five-question survey to be reviewed at the front office national meeting on September 29.,completed,high,cfb03b37-5c48-4cae-8573-1bd359894dd4,dde53e65-d861-4340-b0a6-3417e0e7b290,2025-08-29 00:00:00,2025-08-26 18:55:18.437721,2025-08-29 15:37:05.327,
d57fddec-87dc-4b56-a2e9-b244e5f69f8f,Launch well loyalty initiative,Launch the 'Who Pays What' initiative along with an e-learning module and a survey on September 28th.,todo,high,cfb03b37-5c48-4cae-8573-1bd359894dd4,dde53e65-d861-4340-b0a6-3417e0e7b290,2025-09-27 00:00:00,2025-08-26 18:55:31.980923,2025-08-29 10:40:28.245,
c1dedd2e-3d54-4aab-ad4d-7a6c2fea0418,Send loyalty screenshots to Joanna,Ensure that all loyalty screenshots are sent and prepare for discussion during the meeting set for the 29th.,completed,urgent,cfb03b37-5c48-4cae-8573-1bd359894dd4,dde53e65-d861-4340-b0a6-3417e0e7b290,2025-09-02 18:55:52.843,2025-08-26 18:55:52.854285,2025-08-29 15:38:56.174,
40ef90d2-4424-4d82-8b83-8e211cfe0c79,Revisit checklists with NA feature in mind,Review the combined checklist for golf cart and bell services on October 1st after considering the NA feature impact and decide on any necessary adjustments.,todo,medium,cfb03b37-5c48-4cae-8573-1bd359894dd4,dde53e65-d861-4340-b0a6-3417e0e7b290,2025-10-01 00:00:00,2025-08-26 18:55:31.842048,2025-08-29 10:41:13.574,
df6cff30-fbdd-4ef0-bc58-ed183b8da59d,Update incorrect scoring on past observations,"Adjust the scores on past observations to reflect the current scoring system out of 10 instead of 5, ensuring proper data representation.",todo,high,5b295fa8-288e-4985-ae32-3656e797499e,dde53e65-d861-4340-b0a6-3417e0e7b290,2025-10-04 00:00:00,2025-08-26 18:56:08.144341,2025-08-29 10:42:17.014,
c6309ff6-bf84-45f5-b0e5-5c4a101e6b38,Finalize Water Park training dates,"Coordinate with Faith to ensure trainers are available and communicate these dates, focusing on 9/9 to begin training.",todo,high,cfb03b37-5c48-4cae-8573-1bd359894dd4,dde53e65-d861-4340-b0a6-3417e0e7b290,2025-09-09 00:00:00,2025-08-26 18:55:53.128534,2025-08-29 10:44:46.121,
e5f94682-04ac-4904-937e-e0f98fab0c78,Prepare Water Park training materials,Ensure all necessary training materials are prepared and ready for new hires and existing employees concerning water park operations.,todo,medium,cfb03b37-5c48-4cae-8573-1bd359894dd4,dde53e65-d861-4340-b0a6-3417e0e7b290,2025-09-09 00:00:00,2025-08-26 18:55:53.056077,2025-08-29 10:45:05.493,
850ed5ef-7a0e-463e-aba4-08df785df071,Launch Who Pays What on 28th,Ensure the Who Pays What program launches on the 28th in preparation for the front office national meeting on the 29th.,todo,high,cfb03b37-5c48-4cae-8573-1bd359894dd4,dde53e65-d861-4340-b0a6-3417e0e7b290,2025-09-28 00:00:00,2025-08-26 18:55:52.920276,2025-08-29 10:45:35.772,
7901c66f-ae06-4c9d-923a-74081e8a2b9c,Review and adjust checklist with NA feature in mind,"Revisit checklists on 10/1, review how NA feature impacts existing checklists and adjust accordingly.",todo,medium,cfb03b37-5c48-4cae-8573-1bd359894dd4,dde53e65-d861-4340-b0a6-3417e0e7b290,2025-10-01 00:00:00,2025-08-26 18:55:52.788674,2025-08-29 10:45:54.009,
3fbf27ac-6094-4c4b-ac9f-f7fd7b89015e,Train Water Park staff on new system,Ensure all Water Park related staff are trained from September 9th onwards. Verify trainers’ availability before finalizing dates.,todo,high,cfb03b37-5c48-4cae-8573-1bd359894dd4,dde53e65-d861-4340-b0a6-3417e0e7b290,2025-09-09 00:00:00,2025-08-26 18:55:32.057298,2025-08-29 10:46:17.804,
0ed5a805-ff4a-4ccc-b252-1dd76ca5fef4,Develop strategy to change handling of job requisitions,Trisha needs to devise a method to have separate requisitions for each position to maintain historical data in talent acquisition systems.,todo,medium,cfb03b37-5c48-4cae-8573-1bd359894dd4,dde53e65-d861-4340-b0a6-3417e0e7b290,2025-09-02 18:58:04.204,2025-08-26 18:58:04.217098,2025-08-26 18:58:04.217098,
e44efab5-1d74-4961-a000-5c5134ea0861,Send checklists and confirm readiness,"Confirm that the checklists for Guest Relations, Guest Experience, and Resort Services Operator are set up correctly in the LMS.",todo,high,cfb03b37-5c48-4cae-8573-1bd359894dd4,dde53e65-d861-4340-b0a6-3417e0e7b290,2025-09-02 18:58:04.274,2025-08-26 18:58:04.287926,2025-08-26 18:58:04.287926,
af1a158c-15e9-4b9a-9279-4c534bc7d507,Delete unnecessary class from job change profiles,Remove Resort Ops Day 1 checklist from job change profiles to avoid duplication.,todo,medium,cfb03b37-5c48-4cae-8573-1bd359894dd4,dde53e65-d861-4340-b0a6-3417e0e7b290,2025-09-02 18:58:04.417,2025-08-26 18:58:04.429758,2025-08-26 18:58:04.429758,
6be612bf-2e7d-441b-b4a9-a560083f0cb9,Coordinate Water Park training,"Organize training for front desk and support staff using the existing courses, and address access and equipment needs at each location.",todo,high,cfb03b37-5c48-4cae-8573-1bd359894dd4,dde53e65-d861-4340-b0a6-3417e0e7b290,2025-09-09 00:00:00,2025-08-26 18:58:04.719726,2025-08-29 10:44:53.403,
d1ddc90f-5429-4332-9e9a-901a00f63c1c,Launch 'Who Pays What' initiative,Ensure the 'Who Pays What' learning module is prepared and ready for launch on the 28th to present at the front office national meeting on the 29th.,todo,high,cfb03b37-5c48-4cae-8573-1bd359894dd4,dde53e65-d861-4340-b0a6-3417e0e7b290,2025-09-28 00:00:00,2025-08-26 18:58:04.536662,2025-08-29 10:45:29.417,
4155945d-c6d0-4150-9e10-fb26c06307ca,Revisit combined checklist itemization,"Combine golf cart and bell staff checklists into one, and revisit on 10.1 for NA feature impact.",todo,medium,cfb03b37-5c48-4cae-8573-1bd359894dd4,dde53e65-d861-4340-b0a6-3417e0e7b290,2025-10-01 00:00:00,2025-08-26 18:58:04.358681,2025-08-29 10:45:48.181,
1c87011c-e696-4f60-96e4-778904b9da92,Check with Michelle regarding device access,Ensure water park team members at River Ranch and the Lakes have necessary access and devices for training.,todo,high,cfb03b37-5c48-4cae-8573-1bd359894dd4,dde53e65-d861-4340-b0a6-3417e0e7b290,2025-09-02 18:58:04.804,2025-08-26 18:58:04.816077,2025-08-26 18:58:04.816077,
6c95c592-76b8-4ab9-b942-d2aed598e0e7,Rollout checklist conversion to eLearning,Convert certain checklist items into eLearning modules. Begin with tasks associated with water park operations.,todo,medium,cfb03b37-5c48-4cae-8573-1bd359894dd4,dde53e65-d861-4340-b0a6-3417e0e7b290,2025-09-02 18:58:04.88,2025-08-26 18:58:04.892852,2025-08-26 18:58:04.892852,
74637546-d039-4f35-b4ef-3d053d42a6d8,Address career path development suggestions,"Finalize career path suggestions and hyperlink the on-demand courses for various roles like Front Desk, Advanced Front Desk, CFT, and supervisory roles.",todo,medium,cfb03b37-5c48-4cae-8573-1bd359894dd4,dde53e65-d861-4340-b0a6-3417e0e7b290,2025-09-02 18:58:04.958,2025-08-26 18:58:04.97124,2025-08-26 18:58:04.97124,
48a8aeea-5901-40f8-a5ea-727559761f90,Recreate separate section for deactivated employees,Create a separate page or filter to display deactivated employees and prevent data from being cluttered in the main directory.,todo,medium,5b295fa8-288e-4985-ae32-3656e797499e,dde53e65-d861-4340-b0a6-3417e0e7b290,2025-09-02 18:59:02.503,2025-08-26 18:59:02.515398,2025-08-26 18:59:02.515398,
80dcb95d-23de-43bb-be57-22780b0f159e,Update performance metrics to scale from 1 to 10,"Adjust the performance metrics in the 30, 60, 90 dashboards to reflect a scale from 1 to 10 rather than from 1 to 5.",todo,high,5b295fa8-288e-4985-ae32-3656e797499e,dde53e65-d861-4340-b0a6-3417e0e7b290,2025-09-02 18:59:02.707,2025-08-26 18:59:02.71975,2025-08-26 18:59:02.71975,
39c2921d-7e72-4bfd-b105-dcd612778710,Edit old observations with new scoring rules,Adjust old observation records to match the new scoring framework where threes are treated as tens and twos or ones are zeros.,todo,high,5b295fa8-288e-4985-ae32-3656e797499e,dde53e65-d861-4340-b0a6-3417e0e7b290,2025-09-02 18:59:02.775,2025-08-26 18:59:02.788133,2025-08-26 18:59:02.788133,
da58e460-dfaf-4961-a389-65751c1dcdfc,Revise job change profiles,Remove Resort Ops Day 1 checklist from job change profiles to avoid redundancy.,todo,medium,cfb03b37-5c48-4cae-8573-1bd359894dd4,dde53e65-d861-4340-b0a6-3417e0e7b290,2025-09-02 18:59:25.758,2025-08-26 18:59:25.770523,2025-08-26 18:59:25.770523,
6ca29720-d1bb-496d-a58f-ce574d185c37,Combine and finalize checklists,"Combine checklists for golf cart duties and bell services, and finalize them prior to NA feature release in Q4 2025.",todo,high,cfb03b37-5c48-4cae-8573-1bd359894dd4,dde53e65-d861-4340-b0a6-3417e0e7b290,2025-12-31 00:00:00,2025-08-26 18:59:25.843385,2025-08-26 18:59:25.843385,
bebe7f4c-7e7b-4b7f-a641-4736eb7e344d,Discuss Westgate career paths,Add on-demand suggestions to each career path section with hyperlinks for the review.,todo,medium,cfb03b37-5c48-4cae-8573-1bd359894dd4,dde53e65-d861-4340-b0a6-3417e0e7b290,2025-09-02 18:59:25.977,2025-08-26 18:59:25.98976,2025-08-26 18:59:25.98976,
36c0ca66-5cb9-4e0d-9f11-5954dd4fa64b,Check water park training access,Confirm access and availability of devices for water park teams at River Ranch and the Lakes to utilize new training features.,todo,high,cfb03b37-5c48-4cae-8573-1bd359894dd4,dde53e65-d861-4340-b0a6-3417e0e7b290,2025-09-02 18:59:26.053,2025-08-26 18:59:26.066429,2025-08-26 18:59:26.066429,
6c713dd3-9571-462b-9e76-141ddafb472a,Check in with Michelle regarding water park access and devices,Confirm whether River Ranch and the lakes water park have received their access and devices.,todo,high,35f21648-246c-47ed-9350-f8f8ca1f1d1a,3003d931-a3da-497c-9879-4abc9eee2454,2025-09-02 23:20:06.881,2025-08-26 23:20:06.89618,2025-08-26 23:20:06.89618,
0efd56c6-48c1-4ac1-ab62-9ef7fe3f5bae,Send Wow Loyalty screenshots to Joanna,Finalize and send Wow Loyalty screenshots to Joanna.,todo,high,35f21648-246c-47ed-9350-f8f8ca1f1d1a,3003d931-a3da-497c-9879-4abc9eee2454,2025-09-02 23:20:06.958,2025-08-26 23:20:06.973823,2025-08-26 23:20:06.973823,
c1feaa84-bb3d-43e9-820a-f0ae568c7811,Launch 'Who Pays What' on 28th,"Prepare and distribute the 'Who Pays What' materials by the 28th, ahead of the national front office meeting on 29th.",todo,urgent,35f21648-246c-47ed-9350-f8f8ca1f1d1a,3003d931-a3da-497c-9879-4abc9eee2454,2023-09-28 00:00:00,2025-08-26 23:20:07.043393,2025-08-26 23:20:07.043393,
6bf8ba51-4dac-40b6-af00-582d1058918e,Contact Faith regarding trainer availability for training on 09/09,Confirm with Faith about the availability of trainers for the sessions starting on 09/09.,todo,high,35f21648-246c-47ed-9350-f8f8ca1f1d1a,3003d931-a3da-497c-9879-4abc9eee2454,2025-09-02 23:20:07.106,2025-08-26 23:20:07.120373,2025-08-26 23:20:07.120373,
4e3e471f-141a-4589-b1f9-980876e52dac,Prepare Water Park training materials,Compile and finalize training materials for Water Park team by 09/08 and distribute accordingly.,todo,urgent,35f21648-246c-47ed-9350-f8f8ca1f1d1a,3003d931-a3da-497c-9879-4abc9eee2454,2023-09-08 00:00:00,2025-08-26 23:20:07.191497,2025-08-26 23:20:07.191497,
2c88827d-51d4-4495-9e3b-75ecd16048a7,Shift Corporate Partners to Thursday,Move the Corporate Partners event to Thursday to align with the gala and ensure a seamless flow from the event to the cocktail party and then to the award show.,todo,high,44f659d2-ebe3-4647-ac21-8265cf3b6171,3003d931-a3da-497c-9879-4abc9eee2454,2025-09-02 23:20:34.353,2025-08-26 23:20:34.368227,2025-08-26 23:20:34.368227,
dabfcd89-c512-4604-96da-79c0750af011,Plan Regional Dinners and Field Day,"Organize regional dinners and plan 'Field Day' activities to be held before the dinners, ensuring regions can compete for dinner location choices.",todo,medium,44f659d2-ebe3-4647-ac21-8265cf3b6171,3003d931-a3da-497c-9879-4abc9eee2454,2025-09-02 23:20:34.429,2025-08-26 23:20:34.443062,2025-08-26 23:20:34.443062,
5a8541ec-51ad-4775-a912-1c6eedbacf1e,Confirm Corporate Partners Presentation Setup,Ensure the availability of TVs with HDMI connections for corporate partners to use during their presentations.,todo,medium,44f659d2-ebe3-4647-ac21-8265cf3b6171,3003d931-a3da-497c-9879-4abc9eee2454,2025-09-02 23:20:34.5,2025-08-26 23:20:34.513894,2025-08-26 23:20:34.513894,
0b5aef57-1ea5-4c26-b9ff-7bcaebcf54de,Develop Sign-up System for GM Sessions,"Create a sign-up system for General Managers to choose which sessions they attend, ensuring all corporate partners have attendees and no GM gets duplicate content.",todo,high,44f659d2-ebe3-4647-ac21-8265cf3b6171,3003d931-a3da-497c-9879-4abc9eee2454,2025-09-02 23:20:34.572,2025-08-26 23:20:34.586217,2025-08-26 23:20:34.586217,
28303c25-29fd-4757-b15a-d6858c04ec88,Design and Distribute One-Page Documents for GM Sessions,"Create a single-page summary from each session to be distributed to GMs, ensuring consistent information dissemination.",todo,medium,44f659d2-ebe3-4647-ac21-8265cf3b6171,3003d931-a3da-497c-9879-4abc9eee2454,2025-09-02 23:20:34.649,2025-08-26 23:20:34.662469,2025-08-26 23:20:34.662469,
6dcc3da5-1fb2-4a9f-b518-f6cc5a7e894b,Coordinate Volunteer Event,"Organize an off-site volunteer event for team bonding, potentially at a children's hospital in Lake Nona.",todo,medium,44f659d2-ebe3-4647-ac21-8265cf3b6171,3003d931-a3da-497c-9879-4abc9eee2454,2025-09-02 23:20:34.734,2025-08-26 23:20:34.752472,2025-08-26 23:20:34.752472,
7f160b74-c03c-4127-90a2-04abdbb10ee1,Prepare Flight and Accommodation Logistics,"Gather flight itineraries and ensure accommodation logistics for attendees, including breakfast delivery for early departures.",todo,medium,44f659d2-ebe3-4647-ac21-8265cf3b6171,3003d931-a3da-497c-9879-4abc9eee2454,2025-09-02 23:20:34.813,2025-08-26 23:20:34.827456,2025-08-26 23:20:34.827456,
a4cd1f01-8756-4f93-8d15-a709b85caf87,Schedule Water Park Training,"Coordinate in-person and e-learning training for water park staff, focusing on user account setup and system access for River Ranch and the Lakes.",todo,high,cfb03b37-5c48-4cae-8573-1bd359894dd4,dde53e65-d861-4340-b0a6-3417e0e7b290,2025-09-09 00:00:00,2025-08-26 18:59:26.219697,2025-08-29 10:38:26.994,
86563cb2-eedc-413d-af48-e1b2429c4e2e,Launch 'Who Pays What' eLearning,Launch the 'Who Pays What' program with an elearning course and a five-question survey by 2023-09-28.,todo,urgent,cfb03b37-5c48-4cae-8573-1bd359894dd4,dde53e65-d861-4340-b0a6-3417e0e7b290,2025-09-29 00:00:00,2025-08-26 18:59:26.142119,2025-08-29 10:39:29.091,
313c4535-6c85-46dc-bdfd-613753f52dbc,Send well loyalty screenshots to Joanna,Ensure that the well loyalty screenshots are sent to Joanna for further action.,todo,urgent,cfb03b37-5c48-4cae-8573-1bd359894dd4,dde53e65-d861-4340-b0a6-3417e0e7b290,2025-09-06 00:00:00,2025-08-26 18:59:25.917243,2025-08-29 10:40:12.567,
5b404307-eada-406b-8c7d-4197175ffd05,Determine 'Fields Day' Schedule,"Identify the best day for 'Fields Day' activities in the schedule, along with informing attendees to bring athletic gear.",todo,medium,44f659d2-ebe3-4647-ac21-8265cf3b6171,3003d931-a3da-497c-9879-4abc9eee2454,2025-09-02 23:20:34.885,2025-08-26 23:20:34.898316,2025-08-26 23:20:34.898316,
c21c9ce2-26c4-48ef-966f-bcaa3d73c1f4,Finalize Awards for Gala,Review last year's awards list and determine which awards to include this year.,todo,high,44f659d2-ebe3-4647-ac21-8265cf3b6171,3003d931-a3da-497c-9879-4abc9eee2454,2025-09-02 23:20:34.964,2025-08-26 23:20:34.977405,2025-08-26 23:20:34.977405,
420c57e3-13e1-4241-96cd-d4e5d54570b9,Launch Public Area Attendant Checklist,"Launch the checklist without further delay once approved by Kat, Aspen, and Michelle.",todo,urgent,2f074cff-7428-4148-b047-1a9364b6ab92,3003d931-a3da-497c-9879-4abc9eee2454,2023-11-01 00:00:00,2025-08-27 20:11:00.445611,2025-08-27 20:11:00.445611,
93efa1fb-dc2e-4708-9529-a842a6644998,Resolve ADP and Job Title Issues,Address and resolve the current issues with ADP and job titles to facilitate the launch of other checklists.,todo,high,2f074cff-7428-4148-b047-1a9364b6ab92,3003d931-a3da-497c-9879-4abc9eee2454,2025-09-03 20:11:00.502,2025-08-27 20:11:00.515212,2025-08-27 20:11:00.515212,
4d528ce3-0f89-4e0c-8a52-0ecfbff064ea,Finalize Chemical List for Brand Standard,Procurement needs to finalize the list of housekeeping chemicals to ensure brand standard across all properties.,todo,high,2f074cff-7428-4148-b047-1a9364b6ab92,3003d931-a3da-497c-9879-4abc9eee2454,2025-09-03 20:11:00.573,2025-08-27 20:11:00.585387,2025-08-27 20:11:00.585387,
66bc510b-b6be-468c-a419-23eb0f50d162,Send Public Area Checklist Copy,Forward the public area attendant checklist to the requestor for review.,todo,medium,2f074cff-7428-4148-b047-1a9364b6ab92,3003d931-a3da-497c-9879-4abc9eee2454,2025-09-03 20:11:00.641,2025-08-27 20:11:00.653803,2025-08-27 20:11:00.653803,
fcf30086-83b5-4d57-ba5c-9dda99c01809,Set Up Reporting Access for National Director,Enable reporting view for Richard to track completion and compliance of training across all properties.,todo,high,2f074cff-7428-4148-b047-1a9364b6ab92,3003d931-a3da-497c-9879-4abc9eee2454,2025-09-03 20:11:00.708,2025-08-27 20:11:00.721415,2025-08-27 20:11:00.721415,
2eac1f2f-4d6b-4a2c-ba47-eb4bafe45135,Inspect Bedbug Course Assignment,Check if Richard received the LMS bedbug course assignment and ensure functionality.,todo,medium,2f074cff-7428-4148-b047-1a9364b6ab92,3003d931-a3da-497c-9879-4abc9eee2454,2025-09-03 20:11:00.777,2025-08-27 20:11:00.789891,2025-08-27 20:11:00.789891,
c94f6c0d-e14b-4139-b77b-00a9b7680e02,Push Bedbug Course to Specific Properties,"Send the bedbug course to the specified properties (Lakes, Myrtle Beach, Cocoa Beach, Vegas) due to reported spikes.",todo,high,2f074cff-7428-4148-b047-1a9364b6ab92,3003d931-a3da-497c-9879-4abc9eee2454,2025-09-03 20:11:00.847,2025-08-27 20:11:00.86024,2025-08-27 20:11:00.86024,
a2a1e3ff-b26d-44bd-a110-161a52e1804c,Explore Contract Labor Tracking Methods,Investigate ways to ensure contract labor is meeting Westgate's training standards and reporting methods.,todo,high,2f074cff-7428-4148-b047-1a9364b6ab92,3003d931-a3da-497c-9879-4abc9eee2454,2025-09-03 20:11:00.915,2025-08-27 20:11:00.928339,2025-08-27 20:11:00.928339,
41e9c980-ccb3-492f-8f68-c345762a98ee,Set Regular Training Cadence for Bedbug Course,Change the training assignment for the Bedbug course to occur every six months.,todo,medium,2f074cff-7428-4148-b047-1a9364b6ab92,3003d931-a3da-497c-9879-4abc9eee2454,2025-09-03 20:11:00.982,2025-08-27 20:11:00.995445,2025-08-27 20:11:00.995445,
4c780794-577b-43d6-bf52-e2f15b3b52ee,Launch the public area attendant checklist,"Launch the public area attendant checklist working with Kat, Aspen, and Michelle. Ensure to update when ADP and job title issues are resolved to launch other checklists.",todo,high,2f074cff-7428-4148-b047-1a9364b6ab92,3003d931-a3da-497c-9879-4abc9eee2454,2023-11-01 00:00:00,2025-08-27 20:11:12.603836,2025-08-27 20:11:12.603836,
60618bfd-f2a8-4daa-b086-88cc75b9ae8a,Forward public area checklist,Forward the public area checklist to the unnamed requester who hasn't yet seen it.,todo,medium,2f074cff-7428-4148-b047-1a9364b6ab92,3003d931-a3da-497c-9879-4abc9eee2454,2025-09-03 20:11:12.658,2025-08-27 20:11:12.670389,2025-08-27 20:11:12.670389,
b2a2813f-f2da-4d5f-a3b0-7be6b9d1828c,Finalize chemical list for housekeeping,"Procurement to finalize a standard list of housekeeping chemicals to ensure brand standards across all properties, including resolving issues with west coast properties like Vegas.",todo,high,2f074cff-7428-4148-b047-1a9364b6ab92,3003d931-a3da-497c-9879-4abc9eee2454,2025-09-03 20:11:12.725,2025-08-27 20:11:12.738251,2025-08-27 20:11:12.738251,
0fa4b81b-45b0-4ddb-9073-a2d9244a800a,Obtain and review Ecolab training videos,Look into getting access to Ecolab’s available training videos to potentially integrate them into the current training systems and ensure consistent chemical training.,todo,medium,2f074cff-7428-4148-b047-1a9364b6ab92,3003d931-a3da-497c-9879-4abc9eee2454,2025-09-03 20:11:12.793,2025-08-27 20:11:12.804479,2025-08-27 20:11:12.804479,
ea4f947d-5644-4a02-9c38-b859808272e0,Review and possibly update bedbug training courses,Review the existing e-learning bedbug training course in the LMS and consider reassigning it every six months to address recent spikes in incidents.,todo,urgent,2f074cff-7428-4148-b047-1a9364b6ab92,3003d931-a3da-497c-9879-4abc9eee2454,2025-09-03 20:11:12.86,2025-08-27 20:11:12.872124,2025-08-27 20:11:12.872124,
80bccd3d-27ff-46e3-9912-36de581edcde,Assign housekeeping checklist to Richard,Assign the housekeeping checklists to Richard for review and end-user experience feedback.,todo,medium,2f074cff-7428-4148-b047-1a9364b6ab92,3003d931-a3da-497c-9879-4abc9eee2454,2023-10-20 00:00:00,2025-08-27 20:11:12.949253,2025-08-27 20:11:12.949253,
a7d6af18-594a-473a-8de8-f066ec6e0423,Organize training session with Alex,Schedule a session with Alex to go through the LMS system to understand checklist review functionalities and reporting.,todo,medium,2f074cff-7428-4148-b047-1a9364b6ab92,3003d931-a3da-497c-9879-4abc9eee2454,2023-10-25 00:00:00,2025-08-27 20:11:13.016987,2025-08-27 20:11:13.016987,
c1e39356-964a-4ee2-8118-9ceddd56f375,Explore options for contract labor training tracking,"Investigate creative solutions for tracking training compliance for contract laborers, potentially using hot sauce devices or other methods.",todo,medium,2f074cff-7428-4148-b047-1a9364b6ab92,3003d931-a3da-497c-9879-4abc9eee2454,2025-09-03 20:11:13.072,2025-08-27 20:11:13.084629,2025-08-27 20:11:13.084629,
bfae91a5-e355-4287-8bcc-b44510440ac0,Prepare leadership training session,Create a leadership training session for resort managers that includes both a presentation on available leadership training and a work session involving leadership competencies.,todo,high,f699c1ed-b8c1-404b-a919-b1ce58ead194,3003d931-a3da-497c-9879-4abc9eee2454,2025-09-04 14:52:49.251,2025-08-28 14:52:49.264186,2025-08-28 14:52:49.264186,
cae2792c-646e-4c79-9584-9012de4794c1,Send list of questions to participant,Format and send the list of questions from managers to the participant by the first of the week.,todo,high,f699c1ed-b8c1-404b-a919-b1ce58ead194,3003d931-a3da-497c-9879-4abc9eee2454,2025-09-04 14:52:49.327,2025-08-28 14:52:49.338806,2025-08-28 14:52:49.338806,
5425ded8-133e-45de-ad6d-891280cb2a4d,Provide feedback on specific mediating challenge,Send details about the manager's challenge with mediating between staff to the participant for inclusion in the training.,todo,medium,f699c1ed-b8c1-404b-a919-b1ce58ead194,3003d931-a3da-497c-9879-4abc9eee2454,2025-09-04 14:52:49.396,2025-08-28 14:52:49.409075,2025-08-28 14:52:49.409075,
24ccb097-8d4e-420a-95f7-c850d326afe3,Discuss leadership training agenda,Share thoughts on the session layout with Loris and receive feedback to tailor the session for resort managers.,todo,medium,f699c1ed-b8c1-404b-a919-b1ce58ead194,3003d931-a3da-497c-9879-4abc9eee2454,2025-09-04 14:52:49.466,2025-08-28 14:52:49.47841,2025-08-28 14:52:49.47841,
90b889d2-f8a0-4f7b-93d5-eb3ff3ab1924,Compile email for conference activities,"Prepare and send an email detailing the beach games, dinner, and city tour activities for the upcoming conference.",todo,medium,f699c1ed-b8c1-404b-a919-b1ce58ead194,3003d931-a3da-497c-9879-4abc9eee2454,2023-11-27 00:00:00,2025-08-28 14:52:49.554865,2025-08-28 14:52:49.554865,
d0cb10b4-124d-4ab9-a95d-1784987acff5,Finalize conference agenda,"Complete and distribute the agenda for the upcoming conference, ensuring all details are clear and attendees are informed.",todo,high,f699c1ed-b8c1-404b-a919-b1ce58ead194,3003d931-a3da-497c-9879-4abc9eee2454,2025-09-04 14:52:49.612,2025-08-28 14:52:49.623579,2025-08-28 14:52:49.623579,
18d3eb13-97de-4722-8d98-aa2659760f38,Find Certificates,,completed,urgent,b8c05b22-a498-458f-8cf4-6d7a14e0a6b0,,2025-08-29 00:00:00,2025-08-28 12:49:21.225163,2025-08-28 20:37:25.051,
8e7f728e-6810-4cb0-9021-4ba7950fe684,Plan travel for visiting properties,"Determine travel itinerary for visiting properties including Williamsburg, Myrtle Beach, Branson Woods, and Tennessee before mid-November.",todo,high,963e94b0-4249-438a-922f-fb7e62c60950,dde53e65-d861-4340-b0a6-3417e0e7b290,2025-09-02 00:00:00,2025-08-26 18:44:39.247534,2025-08-29 10:07:10.27,
68b66ddd-5db4-45f9-9d41-76fbaf1021fb,Coordinate On-Site Training for Water Park Feature,Schedule on-site training for the water park feature at River Ranch and the Lakes. Confirm attendees and handle any system-related queries from the water park team.,todo,urgent,cfb03b37-5c48-4cae-8573-1bd359894dd4,dde53e65-d861-4340-b0a6-3417e0e7b290,2025-09-08 00:00:00,2025-08-26 18:55:18.578245,2025-08-29 10:46:32.257,
7d417c60-8306-4fb2-9ff1-ae7a7987d620,Fix default view and icon issues,Resolve issues with the default view and specific icon in the system. Ensure these elements function as intended.,todo,high,b4e4205a-9323-4eba-94cd-5cff848078dc,dde53e65-d861-4340-b0a6-3417e0e7b290,2025-09-05 00:00:00,2025-08-29 18:50:39.925347,2025-08-29 18:50:39.925347,
eabaf8fb-3d40-4de8-b729-d2eef360975f,Save document in secure location,Save the document in a secure location in SharePoint under 'guest services' or 'market analysis' ensuring it is accessible only to Rob and Lisa.,completed,medium,5e32415a-f348-4099-8c8d-50a9b98a347a,dde53e65-d861-4340-b0a6-3417e0e7b290,2025-09-05 00:00:00,2025-08-29 15:02:25.257049,2025-08-29 15:17:22.164,
7cf8be84-1a24-4307-a443-5db3bd5bac03,Confirm eligibility for merit increase,Review Wage Adjustment calculations to confirm which employees are eligible for a merit increase and ensure it is calculated as 3% only on the base rate.,completed,high,5e32415a-f348-4099-8c8d-50a9b98a347a,dde53e65-d861-4340-b0a6-3417e0e7b290,2025-09-05 00:00:00,2025-08-29 15:02:25.091916,2025-08-29 15:17:46.214,
414e6c13-fd05-4ac7-b150-a12fc2395303,Change golf cart position to Bell Services,Change the position from 'golf cart' to 'Bell Services' in the document due to a previous typo.,completed,medium,5e32415a-f348-4099-8c8d-50a9b98a347a,dde53e65-d861-4340-b0a6-3417e0e7b290,2025-09-05 00:00:00,2025-08-29 15:02:25.010609,2025-08-29 15:17:50.522,
f6d5f9c0-5bbc-4702-bb1f-fbabb97f0b7e,Review wage adjustment spreadsheet,Examine the attached spreadsheet to agree or disagree with the market wage adjustment calculations. Verify if the 3% merit increase criteria are correctly applied and respond by September 5th.,completed,high,5e32415a-f348-4099-8c8d-50a9b98a347a,dde53e65-d861-4340-b0a6-3417e0e7b290,2025-09-05 00:00:00,2025-08-29 13:18:38.574271,2025-08-29 15:20:24.051,
111fcbc9-a715-4466-a2f7-e037e4f92c0f,Discuss union employee wage adjustments with Stacy,Talk to Stacy to clarify whether union employees in Villas and Resort Services should receive the market wage adjustments.,completed,high,5e32415a-f348-4099-8c8d-50a9b98a347a,dde53e65-d861-4340-b0a6-3417e0e7b290,2025-09-05 00:00:00,2025-08-29 13:18:38.712542,2025-08-29 15:20:29.785,
cbba72a2-4dbf-4e37-8d01-12a42456b1ba,Fix icon color for released holds,Ensure the icon is blue for released holds and gray for no released holds.,todo,high,4ac1b9cc-6e43-49ba-bd9c-15d73eb5b707,3003d931-a3da-497c-9879-4abc9eee2454,2025-09-05 00:00:00,2025-08-29 18:38:13.49483,2025-08-29 18:38:13.49483,
f67d66de-b47f-4761-9249-6348a05bcc7e,Complete testing for new changes,Conduct testing for new holds container and receipt functionality to ensure stability and accuracy before release.,todo,high,4ac1b9cc-6e43-49ba-bd9c-15d73eb5b707,3003d931-a3da-497c-9879-4abc9eee2454,2025-09-05 00:00:00,2025-08-29 18:38:13.567149,2025-08-29 18:38:13.567149,
0704ff0a-f368-435d-aeec-6346b8ca8da9,Prepare release for changes,"Coordinate and prepare for the release of changes on September 17, including confirming testing is complete.",todo,high,4ac1b9cc-6e43-49ba-bd9c-15d73eb5b707,3003d931-a3da-497c-9879-4abc9eee2454,2025-09-17 00:00:00,2025-08-29 18:38:13.636477,2025-08-29 18:38:13.636477,
dab11ddb-a97f-4e70-b1dd-4df9bd4632c4,Schedule call with reservation team and LOSI,Set up a call to discuss source and origin restrictions and booking rules for front desk agents.,todo,medium,4ac1b9cc-6e43-49ba-bd9c-15d73eb5b707,3003d931-a3da-497c-9879-4abc9eee2454,2025-09-05 00:00:00,2025-08-29 18:38:13.707692,2025-08-29 18:38:13.707692,
8a311ff7-5b03-44c8-ae8a-3efe242f5974,Conduct observations in functional areas,"Plan and execute observations in the next two weeks to assess current practices, especially at water park and villas.",todo,medium,4ac1b9cc-6e43-49ba-bd9c-15d73eb5b707,3003d931-a3da-497c-9879-4abc9eee2454,2025-09-12 00:00:00,2025-08-29 18:38:13.777299,2025-08-29 18:38:13.777299,
454baebb-e4f4-4c19-9ced-c2542308b553,Conduct thorough testing of the new receipt system,Perform comprehensive testing on the new receipt system following recent development changes. Focus on ensuring the receipt's accuracy and functionality.,todo,urgent,b4e4205a-9323-4eba-94cd-5cff848078dc,dde53e65-d861-4340-b0a6-3417e0e7b290,2025-09-05 00:00:00,2025-08-29 18:50:39.997671,2025-08-29 18:50:39.997671,
71527a85-7d9a-4aa2-be89-c4868afee50b,Prepare for release on September 17th,"Coordinate efforts to prepare for the software release scheduled for September 17th, contingent on successful testing and no major changes needed.",todo,medium,b4e4205a-9323-4eba-94cd-5cff848078dc,dde53e65-d861-4340-b0a6-3417e0e7b290,2025-09-17 00:00:00,2025-08-29 18:50:40.067285,2025-08-29 18:50:40.067285,
f9558fbf-5449-427f-9537-676fba9fac05,Post Power Automate flow walkthrough on LinkedIn,"Share a detailed post on LinkedIn about the Power Automate flow with the recurring profile trigger, including screenshots and explanations. Share draft with meeting participants before posting.",todo,medium,cbe54c49-ef5f-4bd8-bfbe-8e6e3e4407f8,dde53e65-d861-4340-b0a6-3417e0e7b290,2025-09-04 00:00:00,2025-08-29 20:08:53.24589,2025-08-29 20:08:53.24589,
5ecddef6-a5f8-4fcb-bcf0-b89c391582af,Set up demonstration of Power Automate flow,"Coordinate with meeting participants to demonstrate the Power Automate flow setup on their side, focusing on integrating updates from SharePoint to Teams.",todo,high,cbe54c49-ef5f-4bd8-bfbe-8e6e3e4407f8,dde53e65-d861-4340-b0a6-3417e0e7b290,2025-09-04 00:00:00,2025-08-29 20:08:53.315657,2025-08-29 20:08:53.315657,
0bc3f9c8-d082-4b0d-8595-36681fa8f6ca,Research program options for owner check-in tokens,Research and identify programs that could be used for owner check-in at the front desk. Also consider creating tokens or welcome home certificates.,todo,medium,cbe54c49-ef5f-4bd8-bfbe-8e6e3e4407f8,dde53e65-d861-4340-b0a6-3417e0e7b290,2025-09-05 00:00:00,2025-08-29 20:08:53.383805,2025-08-29 20:08:53.383805,
95400202-9ae1-4c21-ba35-6e0197bcbda1,Order tokens online for owner check-in process,Procure tokens online which can be printed for use in the owner check-in process at the front desk.,todo,medium,cbe54c49-ef5f-4bd8-bfbe-8e6e3e4407f8,dde53e65-d861-4340-b0a6-3417e0e7b290,2025-09-05 00:00:00,2025-08-29 20:08:53.450309,2025-08-29 20:08:53.450309,
eaaee2ff-dad7-4555-8fa5-6189ea6bac94,Create backup welcome home certificates,Design and prepare welcome home certificates to be used as a backup if tokens are not ready in time for owner check-in process.,todo,high,cbe54c49-ef5f-4bd8-bfbe-8e6e3e4407f8,dde53e65-d861-4340-b0a6-3417e0e7b290,2025-09-05 00:00:00,2025-08-29 20:08:53.516811,2025-08-29 20:08:53.516811,
8bce0e31-8e97-48a6-a391-894d40135a62,Test Power Automate flow with SharePoint integration,Conduct tests on the Power Automate setup to ensure it accurately fetches and disseminates the latest updates from SharePoint to Teams channels or chats.,todo,high,cbe54c49-ef5f-4bd8-bfbe-8e6e3e4407f8,dde53e65-d861-4340-b0a6-3417e0e7b290,2025-09-05 00:00:00,2025-08-29 20:08:53.583182,2025-08-29 20:08:53.583182,
47b2b444-c844-4ace-bca6-ccadb1a5933e,Create WOW chain construction paper slips,Hand each participant a slip of construction paper to write one way they can support WOW in their role and organize these to make a paper chain.,todo,medium,b5be87c9-a5c9-4234-a6a2-d03e68081f53,dde53e65-d861-4340-b0a6-3417e0e7b290,2025-09-06 00:00:00,2025-08-30 14:21:36.01168,2025-08-30 14:21:36.01168,
774ea26f-b6a8-47c7-b4f1-2b3a44d97d4f,Follow up on Front Office WOW initiative,Focus 45-minute session on front office and discuss how they can enhance guest loyalty as part of the WOW initiative.,todo,high,b5be87c9-a5c9-4234-a6a2-d03e68081f53,dde53e65-d861-4340-b0a6-3417e0e7b290,2025-09-06 00:00:00,2025-08-30 14:21:36.086373,2025-08-30 14:21:36.086373,
a9289421-a24e-4d86-885d-8ac533244e0b,Provide new description for presentation topic,Create a new description for the presentation on 'Elevating guest loyalty through personalized experience.',todo,medium,b5be87c9-a5c9-4234-a6a2-d03e68081f53,dde53e65-d861-4340-b0a6-3417e0e7b290,2025-09-06 00:00:00,2025-08-30 14:21:36.163517,2025-08-30 14:21:36.163517,
122b1106-61a2-4af7-8afd-6d670f58969b,Identify opportunity areas at check-in,Determine two to three opportunity areas during check-in that different groups can improve upon for a successful WOW initiative.,todo,medium,b5be87c9-a5c9-4234-a6a2-d03e68081f53,dde53e65-d861-4340-b0a6-3417e0e7b290,2025-09-06 00:00:00,2025-08-30 14:21:36.237864,2025-08-30 14:21:36.237864,
4c2d125e-dbd0-41f4-a3b4-97bbf3bfdd94,Investigate loyalty system accessibility for front desk,"Assess if the loyalty system's accessibility could be an issue for front desk staff, and determine if there is a need for them to access the loyalty console.",todo,medium,b5be87c9-a5c9-4234-a6a2-d03e68081f53,dde53e65-d861-4340-b0a6-3417e0e7b290,2025-09-06 00:00:00,2025-08-30 14:21:36.307657,2025-08-30 14:21:36.307657,
